<?xml version="1.0" encoding="UTF-8" ?>
<!DOCTYPE log4j:configuration SYSTEM "log4j.dtd">
<log4j:configuration xmlns:log4j="http://jakarta.apache.org/log4j/">

	<!-- APPENDERS -->
			
	<!-- prefixes log entries with full timedate stamp -->			
    <appender name="SAS_CONSOLE" class="org.apache.log4j.ConsoleAppender">
    	<param name="Target" value="System.out"/>
        <layout class="org.apache.log4j.PatternLayout">
            
            <param name="ConversionPattern" value="%-5p - %m %n"/>
            
            <!--
            <param name="ConversionPattern" value="%d [%t] %-5p - %m %n"/>
            <param name="ConversionPattern" value="IRM [%t] %d{ddMMMyy HH:mm:ss,SSS} %-5p %c %x - %m%n" />
            -->
            
        </layout>
    </appender>

	
	<!-- LOGGERS -->
    
	<!-- SAS: Other -->
    <logger name="com.sas" additivity="false"> 
    	<level value="WARN" /> 
    	<appender-ref ref="SAS_CONSOLE"/>
    </logger>

	<!-- SAS: IRM Solution -->				
    <logger name="com.sas.solutions.risk.irm" additivity="false"> 
    	<level value="INFO" /> 
    	<appender-ref ref="SAS_CONSOLE"/>
    </logger>

    <!-- always last -->
    <!-- root (default) logging settings -->
    <root> 
    	<level value="WARN"/>
    	<appender-ref ref="SAS_CONSOLE"/>
    </root>
    
</log4j:configuration>
